message_id,channel_name,image_path,object_name,confidence_score
10,CheMed123,data\raw\images\CheMed123\10.jpg,,
11,CheMed123,data\raw\images\CheMed123\11.jpg,clock,0.4273
13,CheMed123,data\raw\images\CheMed123\13.jpg,hot dog,0.5039
13,CheMed123,data\raw\images\CheMed123\13.jpg,donut,0.399
13,CheMed123,data\raw\images\CheMed123\13.jpg,hot dog,0.3097
13,CheMed123,data\raw\images\CheMed123\13.jpg,donut,0.2969
13,CheMed123,data\raw\images\CheMed123\13.jpg,hot dog,0.2637
13,CheMed123,data\raw\images\CheMed123\13.jpg,hot dog,0.2502
14,CheMed123,data\raw\images\CheMed123\14.jpg,,
15,CheMed123,data\raw\images\CheMed123\15.jpg,,
17,CheMed123,data\raw\images\CheMed123\17.jpg,bottle,0.526
17,CheMed123,data\raw\images\CheMed123\17.jpg,bottle,0.4945
17,CheMed123,data\raw\images\CheMed123\17.jpg,bottle,0.4318
17,CheMed123,data\raw\images\CheMed123\17.jpg,bottle,0.3874
17,CheMed123,data\raw\images\CheMed123\17.jpg,bottle,0.385
17,CheMed123,data\raw\images\CheMed123\17.jpg,bottle,0.3799
17,CheMed123,data\raw\images\CheMed123\17.jpg,bottle,0.3749
17,CheMed123,data\raw\images\CheMed123\17.jpg,bottle,0.3264
17,CheMed123,data\raw\images\CheMed123\17.jpg,bottle,0.2849
17,CheMed123,data\raw\images\CheMed123\17.jpg,bottle,0.2793
17,CheMed123,data\raw\images\CheMed123\17.jpg,bottle,0.2719
18,CheMed123,data\raw\images\CheMed123\18.jpg,,
19,CheMed123,data\raw\images\CheMed123\19.jpg,person,0.9401
19,CheMed123,data\raw\images\CheMed123\19.jpg,person,0.9277
19,CheMed123,data\raw\images\CheMed123\19.jpg,dining table,0.3616
19,CheMed123,data\raw\images\CheMed123\19.jpg,dining table,0.3222
2,CheMed123,data\raw\images\CheMed123\2.jpg,bottle,0.3872
20,CheMed123,data\raw\images\CheMed123\20.jpg,person,0.9401
20,CheMed123,data\raw\images\CheMed123\20.jpg,person,0.9277
20,CheMed123,data\raw\images\CheMed123\20.jpg,dining table,0.3616
20,CheMed123,data\raw\images\CheMed123\20.jpg,dining table,0.3222
21,CheMed123,data\raw\images\CheMed123\21.jpg,bird,0.2526
22,CheMed123,data\raw\images\CheMed123\22.jpg,stop sign,0.2775
23,CheMed123,data\raw\images\CheMed123\23.jpg,cell phone,0.6107
25,CheMed123,data\raw\images\CheMed123\25.jpg,cell phone,0.8613
25,CheMed123,data\raw\images\CheMed123\25.jpg,person,0.6284
26,CheMed123,data\raw\images\CheMed123\26.jpg,person,0.8276
26,CheMed123,data\raw\images\CheMed123\26.jpg,cup,0.4267
26,CheMed123,data\raw\images\CheMed123\26.jpg,book,0.3177
26,CheMed123,data\raw\images\CheMed123\26.jpg,book,0.3131
27,CheMed123,data\raw\images\CheMed123\27.jpg,,
29,CheMed123,data\raw\images\CheMed123\29.jpg,person,0.6185
29,CheMed123,data\raw\images\CheMed123\29.jpg,surfboard,0.5945
29,CheMed123,data\raw\images\CheMed123\29.jpg,person,0.528
29,CheMed123,data\raw\images\CheMed123\29.jpg,person,0.2782
3,CheMed123,data\raw\images\CheMed123\3.jpg,,
30,CheMed123,data\raw\images\CheMed123\30.jpg,person,0.4139
31,CheMed123,data\raw\images\CheMed123\31.jpg,bottle,0.5125
31,CheMed123,data\raw\images\CheMed123\31.jpg,bottle,0.4973
31,CheMed123,data\raw\images\CheMed123\31.jpg,bottle,0.435
31,CheMed123,data\raw\images\CheMed123\31.jpg,bottle,0.3881
31,CheMed123,data\raw\images\CheMed123\31.jpg,bottle,0.388
31,CheMed123,data\raw\images\CheMed123\31.jpg,bottle,0.3832
31,CheMed123,data\raw\images\CheMed123\31.jpg,bottle,0.3769
31,CheMed123,data\raw\images\CheMed123\31.jpg,bottle,0.3328
31,CheMed123,data\raw\images\CheMed123\31.jpg,bottle,0.2786
31,CheMed123,data\raw\images\CheMed123\31.jpg,bottle,0.2762
31,CheMed123,data\raw\images\CheMed123\31.jpg,bottle,0.2743
32,CheMed123,data\raw\images\CheMed123\32.jpg,person,0.5882
33,CheMed123,data\raw\images\CheMed123\33.jpg,orange,0.6712
33,CheMed123,data\raw\images\CheMed123\33.jpg,orange,0.5761
33,CheMed123,data\raw\images\CheMed123\33.jpg,book,0.2716
34,CheMed123,data\raw\images\CheMed123\34.jpg,,
38,CheMed123,data\raw\images\CheMed123\38.jpg,,
39,CheMed123,data\raw\images\CheMed123\39.jpg,mouse,0.9114
39,CheMed123,data\raw\images\CheMed123\39.jpg,mouse,0.9019
39,CheMed123,data\raw\images\CheMed123\39.jpg,mouse,0.893
39,CheMed123,data\raw\images\CheMed123\39.jpg,mouse,0.6238
39,CheMed123,data\raw\images\CheMed123\39.jpg,mouse,0.594
39,CheMed123,data\raw\images\CheMed123\39.jpg,mouse,0.5547
39,CheMed123,data\raw\images\CheMed123\39.jpg,mouse,0.5261
39,CheMed123,data\raw\images\CheMed123\39.jpg,mouse,0.4145
4,CheMed123,data\raw\images\CheMed123\4.jpg,,
40,CheMed123,data\raw\images\CheMed123\40.jpg,person,0.7191
40,CheMed123,data\raw\images\CheMed123\40.jpg,person,0.6744
40,CheMed123,data\raw\images\CheMed123\40.jpg,person,0.6338
40,CheMed123,data\raw\images\CheMed123\40.jpg,person,0.5978
40,CheMed123,data\raw\images\CheMed123\40.jpg,person,0.5868
40,CheMed123,data\raw\images\CheMed123\40.jpg,person,0.5126
40,CheMed123,data\raw\images\CheMed123\40.jpg,person,0.4521
40,CheMed123,data\raw\images\CheMed123\40.jpg,person,0.437
40,CheMed123,data\raw\images\CheMed123\40.jpg,person,0.3316
40,CheMed123,data\raw\images\CheMed123\40.jpg,person,0.3313
41,CheMed123,data\raw\images\CheMed123\41.jpg,person,0.421
43,CheMed123,data\raw\images\CheMed123\43.jpg,person,0.8565
43,CheMed123,data\raw\images\CheMed123\43.jpg,chair,0.2936
44,CheMed123,data\raw\images\CheMed123\44.jpg,cell phone,0.9387
44,CheMed123,data\raw\images\CheMed123\44.jpg,person,0.848
45,CheMed123,data\raw\images\CheMed123\45.jpg,scissors,0.632
46,CheMed123,data\raw\images\CheMed123\46.jpg,person,0.8272
46,CheMed123,data\raw\images\CheMed123\46.jpg,person,0.4749
46,CheMed123,data\raw\images\CheMed123\46.jpg,tv,0.3886
48,CheMed123,data\raw\images\CheMed123\48.jpg,,
49,CheMed123,data\raw\images\CheMed123\49.jpg,kite,0.6802
49,CheMed123,data\raw\images\CheMed123\49.jpg,kite,0.4033
49,CheMed123,data\raw\images\CheMed123\49.jpg,kite,0.3449
49,CheMed123,data\raw\images\CheMed123\49.jpg,frisbee,0.3252
50,CheMed123,data\raw\images\CheMed123\50.jpg,cake,0.2916
52,CheMed123,data\raw\images\CheMed123\52.jpg,person,0.7039
52,CheMed123,data\raw\images\CheMed123\52.jpg,person,0.6461
52,CheMed123,data\raw\images\CheMed123\52.jpg,horse,0.6253
52,CheMed123,data\raw\images\CheMed123\52.jpg,person,0.5131
52,CheMed123,data\raw\images\CheMed123\52.jpg,person,0.431
52,CheMed123,data\raw\images\CheMed123\52.jpg,person,0.3348
53,CheMed123,data\raw\images\CheMed123\53.jpg,person,0.5738
55,CheMed123,data\raw\images\CheMed123\55.jpg,stop sign,0.3071
56,CheMed123,data\raw\images\CheMed123\56.jpg,person,0.833
57,CheMed123,data\raw\images\CheMed123\57.jpg,person,0.8897
57,CheMed123,data\raw\images\CheMed123\57.jpg,potted plant,0.872
57,CheMed123,data\raw\images\CheMed123\57.jpg,potted plant,0.7366
57,CheMed123,data\raw\images\CheMed123\57.jpg,potted plant,0.5937
57,CheMed123,data\raw\images\CheMed123\57.jpg,potted plant,0.4915
57,CheMed123,data\raw\images\CheMed123\57.jpg,potted plant,0.2666
58,CheMed123,data\raw\images\CheMed123\58.jpg,bottle,0.4115
59,CheMed123,data\raw\images\CheMed123\59.jpg,bottle,0.2866
60,CheMed123,data\raw\images\CheMed123\60.jpg,,
64,CheMed123,data\raw\images\CheMed123\64.jpg,person,0.6865
64,CheMed123,data\raw\images\CheMed123\64.jpg,person,0.4402
64,CheMed123,data\raw\images\CheMed123\64.jpg,banana,0.2809
64,CheMed123,data\raw\images\CheMed123\64.jpg,remote,0.2562
67,CheMed123,data\raw\images\CheMed123\67.jpg,stop sign,0.5792
67,CheMed123,data\raw\images\CheMed123\67.jpg,book,0.2842
70,CheMed123,data\raw\images\CheMed123\70.jpg,potted plant,0.9247
70,CheMed123,data\raw\images\CheMed123\70.jpg,person,0.8443
70,CheMed123,data\raw\images\CheMed123\70.jpg,book,0.4226
71,CheMed123,data\raw\images\CheMed123\71.jpg,person,0.8836
71,CheMed123,data\raw\images\CheMed123\71.jpg,person,0.8043
74,CheMed123,data\raw\images\CheMed123\74.jpg,,
75,CheMed123,data\raw\images\CheMed123\75.jpg,person,0.8353
76,CheMed123,data\raw\images\CheMed123\76.jpg,person,0.8694
76,CheMed123,data\raw\images\CheMed123\76.jpg,chair,0.2723
76,CheMed123,data\raw\images\CheMed123\76.jpg,chair,0.2518
77,CheMed123,data\raw\images\CheMed123\77.jpg,bottle,0.9558
77,CheMed123,data\raw\images\CheMed123\77.jpg,bottle,0.9073
77,CheMed123,data\raw\images\CheMed123\77.jpg,bottle,0.8961
77,CheMed123,data\raw\images\CheMed123\77.jpg,bottle,0.8937
78,CheMed123,data\raw\images\CheMed123\78.jpg,person,0.7699
78,CheMed123,data\raw\images\CheMed123\78.jpg,person,0.3556
79,CheMed123,data\raw\images\CheMed123\79.jpg,,
80,CheMed123,data\raw\images\CheMed123\80.jpg,person,0.9279
80,CheMed123,data\raw\images\CheMed123\80.jpg,bottle,0.7433
80,CheMed123,data\raw\images\CheMed123\80.jpg,chair,0.5636
81,CheMed123,data\raw\images\CheMed123\81.jpg,bottle,0.8818
81,CheMed123,data\raw\images\CheMed123\81.jpg,bottle,0.8327
81,CheMed123,data\raw\images\CheMed123\81.jpg,bottle,0.8217
81,CheMed123,data\raw\images\CheMed123\81.jpg,bottle,0.8041
81,CheMed123,data\raw\images\CheMed123\81.jpg,bottle,0.7617
82,CheMed123,data\raw\images\CheMed123\82.jpg,bottle,0.8992
82,CheMed123,data\raw\images\CheMed123\82.jpg,bottle,0.8425
82,CheMed123,data\raw\images\CheMed123\82.jpg,bottle,0.7404
82,CheMed123,data\raw\images\CheMed123\82.jpg,apple,0.4785
85,CheMed123,data\raw\images\CheMed123\85.jpg,,
86,CheMed123,data\raw\images\CheMed123\86.jpg,person,0.9013
86,CheMed123,data\raw\images\CheMed123\86.jpg,refrigerator,0.357
87,CheMed123,data\raw\images\CheMed123\87.jpg,parking meter,0.2786
88,CheMed123,data\raw\images\CheMed123\88.jpg,,
9,CheMed123,data\raw\images\CheMed123\9.jpg,bottle,0.3872
90,CheMed123,data\raw\images\CheMed123\90.jpg,book,0.3078
91,CheMed123,data\raw\images\CheMed123\91.jpg,,
92,CheMed123,data\raw\images\CheMed123\92.jpg,,
93,CheMed123,data\raw\images\CheMed123\93.jpg,person,0.9077
94,CheMed123,data\raw\images\CheMed123\94.jpg,cup,0.7409
94,CheMed123,data\raw\images\CheMed123\94.jpg,person,0.4758
94,CheMed123,data\raw\images\CheMed123\94.jpg,cup,0.3856
95,CheMed123,data\raw\images\CheMed123\95.jpg,person,0.8684
95,CheMed123,data\raw\images\CheMed123\95.jpg,person,0.4918
96,CheMed123,data\raw\images\CheMed123\96.jpg,cup,0.326
97,CheMed123,data\raw\images\CheMed123\97.jpg,,
492122,LobeliaCosmetics,data\raw\images\LobeliaCosmetics\492122.jpg,bottle,0.7112
492122,LobeliaCosmetics,data\raw\images\LobeliaCosmetics\492122.jpg,person,0.4215
492122,LobeliaCosmetics,data\raw\images\LobeliaCosmetics\492122.jpg,chair,0.3095
492123,LobeliaCosmetics,data\raw\images\LobeliaCosmetics\492123.jpg,bottle,0.5856
492124,LobeliaCosmetics,data\raw\images\LobeliaCosmetics\492124.jpg,person,0.6376
492124,LobeliaCosmetics,data\raw\images\LobeliaCosmetics\492124.jpg,bottle,0.3775
492124,LobeliaCosmetics,data\raw\images\LobeliaCosmetics\492124.jpg,person,0.3101
492124,LobeliaCosmetics,data\raw\images\LobeliaCosmetics\492124.jpg,person,0.2832
196070,TikvahPharma,data\raw\images\TikvahPharma\196070.jpg,laptop,0.5637
196070,TikvahPharma,data\raw\images\TikvahPharma\196070.jpg,cell phone,0.435
196071,TikvahPharma,data\raw\images\TikvahPharma\196071.jpg,laptop,0.6673
196071,TikvahPharma,data\raw\images\TikvahPharma\196071.jpg,laptop,0.6013
196071,TikvahPharma,data\raw\images\TikvahPharma\196071.jpg,dining table,0.5994
196072,TikvahPharma,data\raw\images\TikvahPharma\196072.jpg,laptop,0.846
196072,TikvahPharma,data\raw\images\TikvahPharma\196072.jpg,person,0.5474
196073,TikvahPharma,data\raw\images\TikvahPharma\196073.jpg,laptop,0.7085
196078,TikvahPharma,data\raw\images\TikvahPharma\196078.jpg,,
196083,TikvahPharma,data\raw\images\TikvahPharma\196083.jpg,book,0.5127
196084,TikvahPharma,data\raw\images\TikvahPharma\196084.jpg,,
196085,TikvahPharma,data\raw\images\TikvahPharma\196085.jpg,refrigerator,0.6737
196085,TikvahPharma,data\raw\images\TikvahPharma\196085.jpg,bottle,0.5488
196085,TikvahPharma,data\raw\images\TikvahPharma\196085.jpg,bottle,0.5268
196085,TikvahPharma,data\raw\images\TikvahPharma\196085.jpg,bottle,0.5129
196085,TikvahPharma,data\raw\images\TikvahPharma\196085.jpg,bottle,0.509
196085,TikvahPharma,data\raw\images\TikvahPharma\196085.jpg,bottle,0.4895
196085,TikvahPharma,data\raw\images\TikvahPharma\196085.jpg,bottle,0.4094
196085,TikvahPharma,data\raw\images\TikvahPharma\196085.jpg,bottle,0.408
196085,TikvahPharma,data\raw\images\TikvahPharma\196085.jpg,bottle,0.3889
196085,TikvahPharma,data\raw\images\TikvahPharma\196085.jpg,bottle,0.3839
196085,TikvahPharma,data\raw\images\TikvahPharma\196085.jpg,bottle,0.3614
196085,TikvahPharma,data\raw\images\TikvahPharma\196085.jpg,bottle,0.3472
196085,TikvahPharma,data\raw\images\TikvahPharma\196085.jpg,bottle,0.3245
196085,TikvahPharma,data\raw\images\TikvahPharma\196085.jpg,bottle,0.3234
196085,TikvahPharma,data\raw\images\TikvahPharma\196085.jpg,bottle,0.2932
196085,TikvahPharma,data\raw\images\TikvahPharma\196085.jpg,bottle,0.2896
196085,TikvahPharma,data\raw\images\TikvahPharma\196085.jpg,bottle,0.2826
196085,TikvahPharma,data\raw\images\TikvahPharma\196085.jpg,bottle,0.2823
196085,TikvahPharma,data\raw\images\TikvahPharma\196085.jpg,bottle,0.2668
196085,TikvahPharma,data\raw\images\TikvahPharma\196085.jpg,bottle,0.2662
196085,TikvahPharma,data\raw\images\TikvahPharma\196085.jpg,bottle,0.2612
196085,TikvahPharma,data\raw\images\TikvahPharma\196085.jpg,bottle,0.26
196085,TikvahPharma,data\raw\images\TikvahPharma\196085.jpg,refrigerator,0.2506
196086,TikvahPharma,data\raw\images\TikvahPharma\196086.jpg,bottle,0.3017
196086,TikvahPharma,data\raw\images\TikvahPharma\196086.jpg,bottle,0.294
196105,TikvahPharma,data\raw\images\TikvahPharma\196105.jpg,,
196108,TikvahPharma,data\raw\images\TikvahPharma\196108.jpg,,
196109,TikvahPharma,data\raw\images\TikvahPharma\196109.jpg,,
196111,TikvahPharma,data\raw\images\TikvahPharma\196111.jpg,,
196131,TikvahPharma,data\raw\images\TikvahPharma\196131.jpg,,
196132,TikvahPharma,data\raw\images\TikvahPharma\196132.jpg,,
196134,TikvahPharma,data\raw\images\TikvahPharma\196134.jpg,bowl,0.3644
196141,TikvahPharma,data\raw\images\TikvahPharma\196141.jpg,laptop,0.9522
196141,TikvahPharma,data\raw\images\TikvahPharma\196141.jpg,laptop,0.9129
196141,TikvahPharma,data\raw\images\TikvahPharma\196141.jpg,tv,0.8287
196141,TikvahPharma,data\raw\images\TikvahPharma\196141.jpg,person,0.8244
196141,TikvahPharma,data\raw\images\TikvahPharma\196141.jpg,tv,0.8071
196141,TikvahPharma,data\raw\images\TikvahPharma\196141.jpg,person,0.4169
196141,TikvahPharma,data\raw\images\TikvahPharma\196141.jpg,keyboard,0.307
196142,TikvahPharma,data\raw\images\TikvahPharma\196142.jpg,laptop,0.7089
196157,TikvahPharma,data\raw\images\TikvahPharma\196157.jpg,bowl,0.4237
196157,TikvahPharma,data\raw\images\TikvahPharma\196157.jpg,book,0.3294
196164,TikvahPharma,data\raw\images\TikvahPharma\196164.jpg,book,0.2776
196165,TikvahPharma,data\raw\images\TikvahPharma\196165.jpg,,
196166,TikvahPharma,data\raw\images\TikvahPharma\196166.jpg,,
196167,TikvahPharma,data\raw\images\TikvahPharma\196167.jpg,book,0.3468
196169,TikvahPharma,data\raw\images\TikvahPharma\196169.jpg,book,0.2506
196170,TikvahPharma,data\raw\images\TikvahPharma\196170.jpg,,
196172,TikvahPharma,data\raw\images\TikvahPharma\196172.jpg,,
196177,TikvahPharma,data\raw\images\TikvahPharma\196177.jpg,laptop,0.9522
196177,TikvahPharma,data\raw\images\TikvahPharma\196177.jpg,laptop,0.9129
196177,TikvahPharma,data\raw\images\TikvahPharma\196177.jpg,tv,0.8287
196177,TikvahPharma,data\raw\images\TikvahPharma\196177.jpg,person,0.8244
196177,TikvahPharma,data\raw\images\TikvahPharma\196177.jpg,tv,0.8071
196177,TikvahPharma,data\raw\images\TikvahPharma\196177.jpg,person,0.4169
196177,TikvahPharma,data\raw\images\TikvahPharma\196177.jpg,keyboard,0.307
196178,TikvahPharma,data\raw\images\TikvahPharma\196178.jpg,laptop,0.7089
196181,TikvahPharma,data\raw\images\TikvahPharma\196181.jpg,,
196185,TikvahPharma,data\raw\images\TikvahPharma\196185.jpg,,
196189,TikvahPharma,data\raw\images\TikvahPharma\196189.jpg,,
196198,TikvahPharma,data\raw\images\TikvahPharma\196198.jpg,,
196199,TikvahPharma,data\raw\images\TikvahPharma\196199.jpg,,
196207,TikvahPharma,data\raw\images\TikvahPharma\196207.jpg,laptop,0.9522
196207,TikvahPharma,data\raw\images\TikvahPharma\196207.jpg,laptop,0.9129
196207,TikvahPharma,data\raw\images\TikvahPharma\196207.jpg,tv,0.8287
196207,TikvahPharma,data\raw\images\TikvahPharma\196207.jpg,person,0.8244
196207,TikvahPharma,data\raw\images\TikvahPharma\196207.jpg,tv,0.8071
196207,TikvahPharma,data\raw\images\TikvahPharma\196207.jpg,person,0.4169
196207,TikvahPharma,data\raw\images\TikvahPharma\196207.jpg,keyboard,0.307
196211,TikvahPharma,data\raw\images\TikvahPharma\196211.jpg,bowl,0.4237
196211,TikvahPharma,data\raw\images\TikvahPharma\196211.jpg,book,0.3294
196224,TikvahPharma,data\raw\images\TikvahPharma\196224.jpg,,
196225,TikvahPharma,data\raw\images\TikvahPharma\196225.jpg,,
196246,TikvahPharma,data\raw\images\TikvahPharma\196246.jpg,laptop,0.9522
196246,TikvahPharma,data\raw\images\TikvahPharma\196246.jpg,laptop,0.9129
196246,TikvahPharma,data\raw\images\TikvahPharma\196246.jpg,tv,0.8287
196246,TikvahPharma,data\raw\images\TikvahPharma\196246.jpg,person,0.8244
196246,TikvahPharma,data\raw\images\TikvahPharma\196246.jpg,tv,0.8071
196246,TikvahPharma,data\raw\images\TikvahPharma\196246.jpg,person,0.4169
196246,TikvahPharma,data\raw\images\TikvahPharma\196246.jpg,keyboard,0.307
196247,TikvahPharma,data\raw\images\TikvahPharma\196247.jpg,laptop,0.7089
196268,TikvahPharma,data\raw\images\TikvahPharma\196268.jpg,bowl,0.3644
196269,TikvahPharma,data\raw\images\TikvahPharma\196269.jpg,,
196270,TikvahPharma,data\raw\images\TikvahPharma\196270.jpg,,
196271,TikvahPharma,data\raw\images\TikvahPharma\196271.jpg,refrigerator,0.3358
196286,TikvahPharma,data\raw\images\TikvahPharma\196286.jpg,book,0.3337
196286,TikvahPharma,data\raw\images\TikvahPharma\196286.jpg,toothbrush,0.2555
196288,TikvahPharma,data\raw\images\TikvahPharma\196288.jpg,bowl,0.3644
196295,TikvahPharma,data\raw\images\TikvahPharma\196295.jpg,person,0.3923
196295,TikvahPharma,data\raw\images\TikvahPharma\196295.jpg,sports ball,0.2975
196310,TikvahPharma,data\raw\images\TikvahPharma\196310.jpg,,
196311,TikvahPharma,data\raw\images\TikvahPharma\196311.jpg,,
196312,TikvahPharma,data\raw\images\TikvahPharma\196312.jpg,refrigerator,0.3358
196313,TikvahPharma,data\raw\images\TikvahPharma\196313.jpg,laptop,0.7089
